{"payload":{"installed_packages":["absl-py==2.0.0","anyio==4.3.0","argon2-cffi==23.1.0","argon2-cffi-bindings==21.2.0","arrow==1.3.0","asttokens==2.4.1","astunparse==1.6.3","async-lru==2.0.4","attrs==23.2.0","babel==2.14.0","backcall==0.2.0","beautifulsoup4==4.12.3","bleach==6.1.0","bottleneck==1.3.5","brotlipy==0.7.0","cached-property==1.5.2","cachetools==5.3.2","catboost==1.2.3","certifi==2024.2.2","cffi==1.16.0","chardet==4.0.0","charset-normalizer==3.3.2","chex==0.1.7","click==8.1.7","cloudpickle==3.0.0","cmake==3.29.3","colabtools==0.0.1","colorama==0.4.6","comet-ml==3.43.0","comm==0.2.2","configobj==5.0.8","contourpy==1.1.1","cryptography==41.0.3","cycler==0.12.1","d2l==0.17.5","dask==2023.5.0","debugpy==1.8.1","decorator==5.1.1","defusedxml==0.7.1","dm-haiku==0.0.12","dm-tree==0.1.8","dulwich==0.22.1","entrypoints==0.4","etils==1.3.0","everett==3.1.0","exceptiongroup==1.2.0","executing==2.0.1","fastjsonschema==2.19.1","filelock==3.9.0","flatbuffers==23.5.26","flax==0.7.2","fonttools==4.51.0","fqdn==1.5.1","fsspec==2023.10.0","gast==0.4.0","gitdb==4.0.11","gitpython==3.1.43","google-auth==2.23.4","google-auth-oauthlib==1.0.0","google-pasta==0.2.0","graphcast==0.1","graphviz==0.20.1","grpcio==1.59.2","h11==0.14.0","h5py==3.10.0","htmlmin==0.1.12","httpcore==1.0.4","httpx==0.27.0","huggingface-hub==0.20.3","idna==3.6","imbalanced-learn==0.12.0","imblearn==0.0","importlib-metadata==7.1.0","importlib-resources==6.4.0","ipykernel==6.29.3","ipython==8.12.3","ipython-genutils==0.2.0","ipywidgets==8.1.2","isoduration==20.11.0","jax==0.4.13","jaxlib==0.4.11","jedi==0.19.1","jinja2==3.1.3","jmp==0.0.4","joblib==1.3.2","jraph==0.0.6.dev0","jsmin==3.0.1","json5==0.9.24","jsonpatch==1.33","jsonpointer==2.4","jsonschema==4.21.1","jsonschema-specifications==2023.12.1","jupyter==1.0.0","jupyter-client==8.6.1","jupyter-console==6.6.3","jupyter-core==5.5.0","jupyter-events==0.10.0","jupyter-lsp==2.2.4","jupyter-resource-usage==1.0.2","jupyter-server==2.13.0","jupyter-server-terminals==0.5.3","jupyterlab==4.1.5","jupyterlab-pygments==0.3.0","jupyterlab-server==2.25.4","jupyterlab-widgets==3.0.10","keras==2.13.1","keras-preprocessing==1.1.2","kiwisolver==1.4.5","knn==1.0.0","libclang==16.0.6","lightgbm==4.3.0","livereload==2.6.3","locket==1.0.0","lxml==5.1.0","markdown==3.1.1","markdown-it-py==3.0.0","markdown-katex==201912.11b0","markupsafe==2.1.5","matplotlib==3.7.5","matplotlib-inline==0.1.6","mdurl==0.1.2","minepy==1.2.6","mistune==3.0.2","mkdocs==1.0.4","mkdocs-material==4.6.0","mkdocs-minify-plugin==0.2.1","mkl-fft==1.3.8","mkl-random==1.2.4","mkl-service==2.4.0","ml-dtypes==0.2.0","mlxtend==0.23.1","mpmath==1.3.0","msgpack==1.0.8","nbclassic==1.0.0","nbclient==0.10.0","nbconvert==7.16.3","nbformat==5.10.3","nest-asyncio==1.6.0","networkx==3.1","notebook==7.1.2","notebook-shim==0.2.4","numexpr==2.8.4","numpy==1.24.4","oauthlib==3.2.2","opencv-python==4.10.0.82","opt-einsum==3.3.0","optax==0.1.8","orbax-checkpoint==0.2.3","overrides==7.7.0","packaging==24.0","pandas==2.0.3","pandocfilters==1.5.1","parso==0.8.3","partd==1.4.1","pathlib2==2.3.7.post1","pep562==1.1","pickleshare==0.7.5","pillow==10.3.0","pip==23.2.1","pkgutil-resolve-name==1.3.10","platformdirs==4.2.0","plotly==5.19.0","pooch==1.7.0","prometheus-client==0.20.0","prompt-toolkit==3.0.43","protobuf==3.20.3","psutil==5.9.6","pure-eval==0.2.2","py-cpuinfo==9.0.0","pyasn1==0.5.0","pyasn1-modules==0.3.0","pycparser==2.21","pygments==2.17.2","pymdown-extensions==6.2.1","pyopenssl==23.2.0","pyparsing==3.1.2","pyproj==3.1.0","pyshp==2.3.1","pysocks==1.7.1","python-box==6.1.0","python-dateutil==2.9.0.post0","python-docx==1.1.0","python-json-logger==2.0.7","pytz==2024.1","pywin32==306","pywinpty==2.0.12","pyyaml==6.0.1","pyzmq==24.0.0","qtconsole==5.5.1","qtpy==2.4.1","referencing==0.34.0","regex==2023.12.25","requests==2.32.3","requests-oauthlib==1.3.1","requests-toolbelt==1.0.0","rfc3339-validator==0.1.4","rfc3986-validator==0.1.1","rich==13.7.1","rpds-py==0.12.0","rsa==4.9","rtree==1.2.0","safetensors==0.4.2","scikit-learn==1.3.2","scipy==1.10.1","seaborn==0.13.2","semantic-version==2.10.0","send2trash==1.8.2","sentry-sdk==2.4.0","setproctitle==1.3.3","setuptools==68.0.0","simplejson==3.19.2","six==1.16.0","smmap==5.0.1","smote==0.1","sniffio==1.3.1","soupsieve==2.5","ssa==0.0.3","stack-data==0.6.3","sympy==1.11.1","tabulate==0.9.0","tenacity==8.2.3","tensorboard==2.13.0","tensorboard-data-server==0.7.2","tensorboardx==2.2","tensorflow==2.13.0","tensorflow-estimator==2.13.0","tensorflow-intel==2.13.0","tensorflow-io-gcs-filesystem==0.31.0","tensorstore==0.1.45","termcolor==2.3.0","terminado==0.18.1","thop==0.1.1.post2209072238","threadpoolctl==3.2.0","tinycss2==1.2.1","tokenizers==0.15.1","tomli==2.0.1","toolz==0.12.1","torch==2.1.0","torchaudio==2.1.0","torchvision==0.16.0","tornado==6.4","tqdm==4.66.1","traitlets==5.14.2","transformers==4.37.2","trimesh==4.4.0","types-python-dateutil==2.9.0.20240316","typing-extensions==4.10.0","typing-utils==0.1.0","tzdata==2023.3","ultralytics==8.2.28","ultralytics-thop==0.2.7","uri-template==1.3.0","urllib3==2.2.1","visdom==0.2.4","vizer==0.1.5","wcwidth==0.2.13","webcolors==1.13","webencodings==0.5.1","websocket-client==1.7.0","werkzeug==3.0.1","wheel==0.41.2","widgetsnbextension==4.0.10","win-inet-pton==1.1.0","wrapt==1.15.0","wurlitzer==3.1.0","xarray==2023.1.0","xgboost==2.0.3","yacs==0.1.8","zipp==3.18.2","zmq==0.0.0"],"message_id":1},"type":"installed_packages"}
{"payload":{"command":["C:\\Users\\liuyi\\Desktop\\yolov5-master\\train.py"],"env":null,"hostname":"liuying","ip":"10.252.2.58","machine":"AMD64","message_id":2,"os":"Windows-10-10.0.22631-SP0","os_release":"10","os_type":"Windows","pid":123356,"processor":"Intel64 Family 6 Model 154 Stepping 3, GenuineIntel","python_exe":"D:\\anaconda3\\envs\\py38\\python.exe","python_version":"3.8.18","python_version_verbose":"3.8.18 (default, Sep 11 2023, 13:39:12) [MSC v.1916 64 bit (AMD64)]","user":"liuyi"},"type":"system_details"}
{"payload":{"local_timestamp":1717560129675,"message_id":3,"metric":{"epoch":null,"metricName":"sys.cpu.percent.avg","metricValue":0.0,"step":null}},"type":"metric_msg"}
{"payload":{"local_timestamp":1717560129676,"message_id":4,"metric":{"epoch":null,"metricName":"sys.ram.total","metricValue":16870006784,"step":null}},"type":"metric_msg"}
{"payload":{"local_timestamp":1717560129677,"message_id":5,"metric":{"epoch":null,"metricName":"sys.ram.used","metricValue":13583233024,"step":null}},"type":"metric_msg"}
{"payload":{"local_timestamp":1717560129677,"message_id":6,"metric":{"epoch":null,"metricName":"sys.ram.available","metricValue":3286773760,"step":null}},"type":"metric_msg"}
{"payload":{"local_timestamp":1717560129677,"message_id":7,"metric":{"epoch":null,"metricName":"sys.ram.percent.used","metricValue":80.5,"step":null}},"type":"metric_msg"}
{"payload":{"local_timestamp":1717560129677,"message_id":8,"metric":{"epoch":null,"metricName":"sys.load.avg","metricValue":0.0,"step":null}},"type":"metric_msg"}
{"payload":{"key":"offline_experiment","message_id":9,"value":true},"type":"log_other"}
{"payload":{"key":"Name","message_id":10,"value":"exp"},"type":"log_other"}
{"payload":{"local_timestamp":1717560129678,"message_id":11,"output":"Traceback (most recent call last):\n","stderr":true},"type":"standard_output"}
{"payload":{"local_timestamp":1717560129678,"message_id":12,"output":"  File \"C:\\Users\\liuyi\\Desktop\\yolov5-master\\train.py\", line 846, in <module>\n","stderr":true},"type":"standard_output"}
{"payload":{"local_timestamp":1717560129678,"message_id":13,"output":"    ","stderr":true},"type":"standard_output"}
{"payload":{"local_timestamp":1717560129678,"message_id":14,"output":"main(opt)","stderr":true},"type":"standard_output"}
{"payload":{"local_timestamp":1717560129678,"message_id":15,"output":"\n","stderr":true},"type":"standard_output"}
{"payload":{"local_timestamp":1717560129678,"message_id":16,"output":"  File \"C:\\Users\\liuyi\\Desktop\\yolov5-master\\train.py\", line 621, in main\n","stderr":true},"type":"standard_output"}
{"payload":{"local_timestamp":1717560129679,"message_id":17,"output":"    ","stderr":true},"type":"standard_output"}
{"payload":{"local_timestamp":1717560129679,"message_id":18,"output":"train(opt.hyp, opt, device, callbacks)","stderr":true},"type":"standard_output"}
{"payload":{"local_timestamp":1717560129679,"message_id":19,"output":"\n","stderr":true},"type":"standard_output"}
{"payload":{"local_timestamp":1717560129679,"message_id":20,"output":"  File \"C:\\Users\\liuyi\\Desktop\\yolov5-master\\train.py\", line 151, in train\n","stderr":true},"type":"standard_output"}
{"payload":{"local_timestamp":1717560129680,"message_id":21,"output":"    ","stderr":true},"type":"standard_output"}
{"payload":{"local_timestamp":1717560129680,"message_id":22,"output":"loggers = Loggers(","stderr":true},"type":"standard_output"}
{"payload":{"local_timestamp":1717560129680,"message_id":23,"output":"\n","stderr":true},"type":"standard_output"}
{"payload":{"local_timestamp":1717560129680,"message_id":24,"output":"  File \"C:\\Users\\liuyi\\Desktop\\yolov5-master\\utils\\loggers\\__init__.py\", line 148, in __init__\n","stderr":true},"type":"standard_output"}
{"payload":{"local_timestamp":1717560129680,"message_id":25,"output":"    ","stderr":true},"type":"standard_output"}
{"payload":{"local_timestamp":1717560129680,"message_id":26,"output":"self.comet_logger = CometLogger(self.opt, self.hyp)","stderr":true},"type":"standard_output"}
{"payload":{"local_timestamp":1717560129680,"message_id":27,"output":"\n","stderr":true},"type":"standard_output"}
{"payload":{"local_timestamp":1717560129680,"message_id":28,"output":"  File \"C:\\Users\\liuyi\\Desktop\\yolov5-master\\utils\\loggers\\comet\\__init__.py\", line 97, in __init__\n","stderr":true},"type":"standard_output"}
{"payload":{"local_timestamp":1717560129681,"message_id":29,"output":"    ","stderr":true},"type":"standard_output"}
{"payload":{"local_timestamp":1717560129681,"message_id":30,"output":"self.data_dict = self.check_dataset(self.opt.data)","stderr":true},"type":"standard_output"}
{"payload":{"local_timestamp":1717560129681,"message_id":31,"output":"\n","stderr":true},"type":"standard_output"}
{"payload":{"local_timestamp":1717560129681,"message_id":32,"output":"  File \"C:\\Users\\liuyi\\Desktop\\yolov5-master\\utils\\loggers\\comet\\__init__.py\", line 247, in check_dataset\n","stderr":true},"type":"standard_output"}
{"payload":{"local_timestamp":1717560129681,"message_id":33,"output":"    ","stderr":true},"type":"standard_output"}
{"payload":{"local_timestamp":1717560129681,"message_id":34,"output":"data_config = yaml.safe_load(f)","stderr":true},"type":"standard_output"}
{"payload":{"local_timestamp":1717560129681,"message_id":35,"output":"\n","stderr":true},"type":"standard_output"}
{"payload":{"local_timestamp":1717560129681,"message_id":36,"output":"  File \"D:\\anaconda3\\envs\\py38\\lib\\site-packages\\yaml\\__init__.py\", line 125, in safe_load\n","stderr":true},"type":"standard_output"}
{"payload":{"local_timestamp":1717560129681,"message_id":37,"output":"    ","stderr":true},"type":"standard_output"}
{"payload":{"local_timestamp":1717560129682,"message_id":38,"output":"return load(stream, SafeLoader)","stderr":true},"type":"standard_output"}
{"payload":{"local_timestamp":1717560129682,"message_id":39,"output":"\n","stderr":true},"type":"standard_output"}
{"payload":{"local_timestamp":1717560129682,"message_id":40,"output":"  File \"D:\\anaconda3\\envs\\py38\\lib\\site-packages\\yaml\\__init__.py\", line 79, in load\n","stderr":true},"type":"standard_output"}
{"payload":{"local_timestamp":1717560129682,"message_id":41,"output":"    ","stderr":true},"type":"standard_output"}
{"payload":{"local_timestamp":1717560129682,"message_id":42,"output":"loader = Loader(stream)","stderr":true},"type":"standard_output"}
{"payload":{"local_timestamp":1717560129682,"message_id":43,"output":"\n","stderr":true},"type":"standard_output"}
{"payload":{"local_timestamp":1717560129682,"message_id":44,"output":"  File \"D:\\anaconda3\\envs\\py38\\lib\\site-packages\\yaml\\loader.py\", line 34, in __init__\n","stderr":true},"type":"standard_output"}
{"payload":{"local_timestamp":1717560129682,"message_id":45,"output":"    ","stderr":true},"type":"standard_output"}
{"payload":{"local_timestamp":1717560129682,"message_id":46,"output":"Reader.__init__(self, stream)","stderr":true},"type":"standard_output"}
{"payload":{"local_timestamp":1717560129682,"message_id":47,"output":"\n","stderr":true},"type":"standard_output"}
{"payload":{"local_timestamp":1717560129682,"message_id":48,"output":"  File \"D:\\anaconda3\\envs\\py38\\lib\\site-packages\\yaml\\reader.py\", line 85, in __init__\n","stderr":true},"type":"standard_output"}
{"payload":{"local_timestamp":1717560129683,"message_id":49,"output":"    ","stderr":true},"type":"standard_output"}
{"payload":{"local_timestamp":1717560129683,"message_id":50,"output":"self.determine_encoding()","stderr":true},"type":"standard_output"}
{"payload":{"local_timestamp":1717560129683,"message_id":51,"output":"\n","stderr":true},"type":"standard_output"}
{"payload":{"local_timestamp":1717560129683,"message_id":52,"output":"  File \"D:\\anaconda3\\envs\\py38\\lib\\site-packages\\yaml\\reader.py\", line 124, in determine_encoding\n","stderr":true},"type":"standard_output"}
{"payload":{"local_timestamp":1717560129684,"message_id":53,"output":"    ","stderr":true},"type":"standard_output"}
{"payload":{"local_timestamp":1717560129684,"message_id":54,"output":"self.update_raw()","stderr":true},"type":"standard_output"}
{"payload":{"local_timestamp":1717560129684,"message_id":55,"output":"\n","stderr":true},"type":"standard_output"}
{"payload":{"local_timestamp":1717560129684,"message_id":56,"output":"  File \"D:\\anaconda3\\envs\\py38\\lib\\site-packages\\yaml\\reader.py\", line 178, in update_raw\n","stderr":true},"type":"standard_output"}
{"payload":{"local_timestamp":1717560129685,"message_id":57,"output":"    ","stderr":true},"type":"standard_output"}
{"payload":{"local_timestamp":1717560129685,"message_id":58,"output":"data = self.stream.read(size)","stderr":true},"type":"standard_output"}
{"payload":{"local_timestamp":1717560129685,"message_id":59,"output":"\n","stderr":true},"type":"standard_output"}
{"payload":{"local_timestamp":1717560129685,"message_id":60,"output":"UnicodeDecodeError","stderr":true},"type":"standard_output"}
{"payload":{"local_timestamp":1717560129685,"message_id":61,"output":": ","stderr":true},"type":"standard_output"}
{"payload":{"local_timestamp":1717560129685,"message_id":62,"output":"'gbk' codec can't decode byte 0x80 in position 234: illegal multibyte sequence","stderr":true},"type":"standard_output"}
{"payload":{"local_timestamp":1717560129685,"message_id":63,"output":"\n","stderr":true},"type":"standard_output"}
{"payload":{"local_timestamp":1717560129709,"message_id":64,"output":"COMET INFO: Couldn't find a Git repository in 'C:\\\\Users\\\\liuyi\\\\Desktop\\\\yolov5-master' nor in any parent directory. Set `COMET_GIT_DIRECTORY` if your Git Repository is elsewhere.\n","stderr":true},"type":"standard_output"}
{"payload":{"local_timestamp":1717560129711,"message_id":65,"output":"COMET WARNING: Unknown error exporting current conda environment\n","stderr":true},"type":"standard_output"}
{"payload":{"local_timestamp":1717560129713,"message_id":66,"output":"COMET WARNING: Unknown error retrieving Conda package as an explicit file\n","stderr":true},"type":"standard_output"}
{"payload":{"local_timestamp":1717560129714,"message_id":67,"output":"COMET WARNING: Unknown error retrieving Conda information\n","stderr":true},"type":"standard_output"}
{"payload":{"local_timestamp":1717560129714,"message_id":68,"output":"COMET INFO: ---------------------------------------------------------------------------------------\n","stderr":true},"type":"standard_output"}
{"payload":{"local_timestamp":1717560129714,"message_id":69,"output":"COMET INFO: Comet.ml OfflineExperiment Summary\n","stderr":true},"type":"standard_output"}
{"payload":{"local_timestamp":1717560129714,"message_id":70,"output":"COMET INFO: ---------------------------------------------------------------------------------------\n","stderr":true},"type":"standard_output"}
{"payload":{"local_timestamp":1717560129714,"message_id":71,"output":"COMET INFO:   Data:\n","stderr":true},"type":"standard_output"}
{"payload":{"local_timestamp":1717560129714,"message_id":72,"output":"COMET INFO:     display_summary_level : 1\n","stderr":true},"type":"standard_output"}
{"payload":{"local_timestamp":1717560129714,"message_id":73,"output":"COMET INFO:     name                  : exp\n","stderr":true},"type":"standard_output"}
{"payload":{"local_timestamp":1717560129714,"message_id":74,"output":"COMET INFO:     url                   : [OfflineExperiment will get URL after upload]\n","stderr":true},"type":"standard_output"}
{"payload":{"local_timestamp":1717560129715,"message_id":75,"output":"COMET INFO:   Others:\n","stderr":true},"type":"standard_output"}
{"payload":{"local_timestamp":1717560129715,"message_id":76,"output":"COMET INFO:     Name               : exp\n","stderr":true},"type":"standard_output"}
{"payload":{"local_timestamp":1717560129715,"message_id":77,"output":"COMET INFO:     offline_experiment : True\n","stderr":true},"type":"standard_output"}
{"payload":{"local_timestamp":1717560129715,"message_id":78,"output":"COMET INFO:   Uploads:\n","stderr":true},"type":"standard_output"}
{"payload":{"local_timestamp":1717560129715,"message_id":79,"output":"COMET INFO:     environment details : 1\n","stderr":true},"type":"standard_output"}
{"payload":{"local_timestamp":1717560129716,"message_id":80,"output":"COMET INFO:     installed packages  : 1\n","stderr":true},"type":"standard_output"}
{"payload":{"local_timestamp":1717560129716,"message_id":81,"output":"COMET INFO: \n","stderr":true},"type":"standard_output"}
