{"payload":{"installed_packages":["absl-py==2.0.0","anyio==4.3.0","argon2-cffi==23.1.0","argon2-cffi-bindings==21.2.0","arrow==1.3.0","asttokens==2.4.1","astunparse==1.6.3","async-lru==2.0.4","attrs==23.2.0","babel==2.14.0","backcall==0.2.0","beautifulsoup4==4.12.3","bleach==6.1.0","bottleneck==1.3.5","brotlipy==0.7.0","cached-property==1.5.2","cachetools==5.3.2","catboost==1.2.3","certifi==2024.2.2","cffi==1.16.0","chardet==4.0.0","charset-normalizer==3.3.2","chex==0.1.7","click==8.1.7","cloudpickle==3.0.0","cmake==3.29.3","colabtools==0.0.1","colorama==0.4.6","comet-ml==3.43.0","comm==0.2.2","configobj==5.0.8","contourpy==1.1.1","cryptography==41.0.3","cycler==0.12.1","d2l==0.17.5","dask==2023.5.0","debugpy==1.8.1","decorator==5.1.1","defusedxml==0.7.1","dm-haiku==0.0.12","dm-tree==0.1.8","dulwich==0.22.1","entrypoints==0.4","etils==1.3.0","everett==3.1.0","exceptiongroup==1.2.0","executing==2.0.1","fastjsonschema==2.19.1","filelock==3.9.0","flatbuffers==23.5.26","flax==0.7.2","fonttools==4.51.0","fqdn==1.5.1","fsspec==2023.10.0","gast==0.4.0","gitdb==4.0.11","gitpython==3.1.43","google-auth==2.23.4","google-auth-oauthlib==1.0.0","google-pasta==0.2.0","graphcast==0.1","graphviz==0.20.1","grpcio==1.59.2","h11==0.14.0","h5py==3.10.0","htmlmin==0.1.12","httpcore==1.0.4","httpx==0.27.0","huggingface-hub==0.20.3","idna==3.6","imbalanced-learn==0.12.0","imblearn==0.0","importlib-metadata==7.1.0","importlib-resources==6.4.0","ipykernel==6.29.3","ipython==8.12.3","ipython-genutils==0.2.0","ipywidgets==8.1.2","isoduration==20.11.0","jax==0.4.13","jaxlib==0.4.11","jedi==0.19.1","jinja2==3.1.3","jmp==0.0.4","joblib==1.3.2","jraph==0.0.6.dev0","jsmin==3.0.1","json5==0.9.24","jsonpatch==1.33","jsonpointer==2.4","jsonschema==4.21.1","jsonschema-specifications==2023.12.1","jupyter==1.0.0","jupyter-client==8.6.1","jupyter-console==6.6.3","jupyter-core==5.5.0","jupyter-events==0.10.0","jupyter-lsp==2.2.4","jupyter-resource-usage==1.0.2","jupyter-server==2.13.0","jupyter-server-terminals==0.5.3","jupyterlab==4.1.5","jupyterlab-pygments==0.3.0","jupyterlab-server==2.25.4","jupyterlab-widgets==3.0.10","keras==2.13.1","keras-preprocessing==1.1.2","kiwisolver==1.4.5","knn==1.0.0","libclang==16.0.6","lightgbm==4.3.0","livereload==2.6.3","locket==1.0.0","lxml==5.1.0","markdown==3.1.1","markdown-it-py==3.0.0","markdown-katex==201912.11b0","markupsafe==2.1.5","matplotlib==3.7.5","matplotlib-inline==0.1.6","mdurl==0.1.2","minepy==1.2.6","mistune==3.0.2","mkdocs==1.0.4","mkdocs-material==4.6.0","mkdocs-minify-plugin==0.2.1","mkl-fft==1.3.8","mkl-random==1.2.4","mkl-service==2.4.0","ml-dtypes==0.2.0","mlxtend==0.23.1","mpmath==1.3.0","msgpack==1.0.8","nbclassic==1.0.0","nbclient==0.10.0","nbconvert==7.16.3","nbformat==5.10.3","nest-asyncio==1.6.0","networkx==3.1","notebook==7.1.2","notebook-shim==0.2.4","numexpr==2.8.4","numpy==1.24.4","oauthlib==3.2.2","opencv-python==4.10.0.82","opt-einsum==3.3.0","optax==0.1.8","orbax-checkpoint==0.2.3","overrides==7.7.0","packaging==24.0","pandas==2.0.3","pandocfilters==1.5.1","parso==0.8.3","partd==1.4.1","pathlib2==2.3.7.post1","pep562==1.1","pickleshare==0.7.5","pillow==10.3.0","pip==23.2.1","pkgutil-resolve-name==1.3.10","platformdirs==4.2.0","plotly==5.19.0","pooch==1.7.0","prometheus-client==0.20.0","prompt-toolkit==3.0.43","protobuf==3.20.3","psutil==5.9.6","pure-eval==0.2.2","py-cpuinfo==9.0.0","pyasn1==0.5.0","pyasn1-modules==0.3.0","pycparser==2.21","pygments==2.17.2","pymdown-extensions==6.2.1","pyopenssl==23.2.0","pyparsing==3.1.2","pyproj==3.1.0","pyshp==2.3.1","pysocks==1.7.1","python-box==6.1.0","python-dateutil==2.9.0.post0","python-docx==1.1.0","python-json-logger==2.0.7","pytz==2024.1","pywin32==306","pywinpty==2.0.12","pyyaml==6.0.1","pyzmq==24.0.0","qtconsole==5.5.1","qtpy==2.4.1","referencing==0.34.0","regex==2023.12.25","requests==2.32.3","requests-oauthlib==1.3.1","requests-toolbelt==1.0.0","rfc3339-validator==0.1.4","rfc3986-validator==0.1.1","rich==13.7.1","rpds-py==0.12.0","rsa==4.9","rtree==1.2.0","safetensors==0.4.2","scikit-learn==1.3.2","scipy==1.10.1","seaborn==0.13.2","semantic-version==2.10.0","send2trash==1.8.2","sentry-sdk==2.4.0","setproctitle==1.3.3","setuptools==68.0.0","simplejson==3.19.2","six==1.16.0","smmap==5.0.1","smote==0.1","sniffio==1.3.1","soupsieve==2.5","ssa==0.0.3","stack-data==0.6.3","sympy==1.11.1","tabulate==0.9.0","tenacity==8.2.3","tensorboard==2.13.0","tensorboard-data-server==0.7.2","tensorboardx==2.2","tensorflow==2.13.0","tensorflow-estimator==2.13.0","tensorflow-intel==2.13.0","tensorflow-io-gcs-filesystem==0.31.0","tensorstore==0.1.45","termcolor==2.3.0","terminado==0.18.1","thop==0.1.1.post2209072238","threadpoolctl==3.2.0","tinycss2==1.2.1","tokenizers==0.15.1","tomli==2.0.1","toolz==0.12.1","torch==2.1.0","torchaudio==2.1.0","torchvision==0.16.0","tornado==6.4","tqdm==4.66.1","traitlets==5.14.2","transformers==4.37.2","trimesh==4.4.0","types-python-dateutil==2.9.0.20240316","typing-extensions==4.10.0","typing-utils==0.1.0","tzdata==2023.3","ultralytics==8.2.28","ultralytics-thop==0.2.7","uri-template==1.3.0","urllib3==2.2.1","visdom==0.2.4","vizer==0.1.5","wcwidth==0.2.13","webcolors==1.13","webencodings==0.5.1","websocket-client==1.7.0","werkzeug==3.0.1","wheel==0.41.2","widgetsnbextension==4.0.10","win-inet-pton==1.1.0","wrapt==1.15.0","wurlitzer==3.1.0","xarray==2023.1.0","xgboost==2.0.3","yacs==0.1.8","zipp==3.18.2","zmq==0.0.0"],"message_id":1},"type":"installed_packages"}
{"payload":{"command":["C:\\Users\\liuyi\\Desktop\\yolov5-master\\train.py"],"env":null,"hostname":"liuying","ip":"10.252.2.58","machine":"AMD64","message_id":2,"os":"Windows-10-10.0.22631-SP0","os_release":"10","os_type":"Windows","pid":170152,"processor":"Intel64 Family 6 Model 154 Stepping 3, GenuineIntel","python_exe":"D:\\anaconda3\\envs\\py38\\python.exe","python_version":"3.8.18","python_version_verbose":"3.8.18 (default, Sep 11 2023, 13:39:12) [MSC v.1916 64 bit (AMD64)]","user":"liuyi"},"type":"system_details"}
{"payload":{"local_timestamp":1717560269225,"message_id":3,"metric":{"epoch":null,"metricName":"sys.cpu.percent.avg","metricValue":0.0,"step":null}},"type":"metric_msg"}
{"payload":{"local_timestamp":1717560269225,"message_id":4,"metric":{"epoch":null,"metricName":"sys.ram.total","metricValue":16870006784,"step":null}},"type":"metric_msg"}
{"payload":{"local_timestamp":1717560269225,"message_id":5,"metric":{"epoch":null,"metricName":"sys.ram.used","metricValue":13594693632,"step":null}},"type":"metric_msg"}
{"payload":{"local_timestamp":1717560269225,"message_id":6,"metric":{"epoch":null,"metricName":"sys.ram.available","metricValue":3275313152,"step":null}},"type":"metric_msg"}
{"payload":{"local_timestamp":1717560269225,"message_id":7,"metric":{"epoch":null,"metricName":"sys.ram.percent.used","metricValue":80.6,"step":null}},"type":"metric_msg"}
{"payload":{"local_timestamp":1717560269225,"message_id":8,"metric":{"epoch":null,"metricName":"sys.load.avg","metricValue":0.0,"step":null}},"type":"metric_msg"}
{"payload":{"key":"offline_experiment","message_id":9,"value":true},"type":"log_other"}
{"payload":{"key":"Name","message_id":10,"value":"exp"},"type":"log_other"}
{"payload":{"additional_params":{"assetId":"cce539ea96ca47688acf54822d85a888","context":null,"extension":"yaml","fileName":"coco128.yaml","overwrite":false,"runId":null,"step":null},"clean":true,"file_path":"tmp3tepfn2a","local_timestamp":1717560269238,"message_id":11,"metadata":{"type":"data-config-file"},"upload_type":"asset"},"type":"file_upload"}
{"payload":{"key":"Created from","message_id":12,"value":"YOLOv5"},"type":"log_other"}
{"payload":{"key":"hasNestedParams","message_id":13,"value":true},"type":"log_other"}
{"payload":{"local_timestamp":1717560269251,"message_id":14,"param":{"paramName":"artifact_alias","paramValue":"latest","source":"manual","step":null}},"type":"parameter_msg"}
{"payload":{"local_timestamp":1717560269251,"message_id":15,"param":{"paramName":"batch_size","paramValue":16,"source":"manual","step":null}},"type":"parameter_msg"}
{"payload":{"local_timestamp":1717560269251,"message_id":16,"param":{"paramName":"bbox_interval","paramValue":-1,"source":"manual","step":null}},"type":"parameter_msg"}
{"payload":{"local_timestamp":1717560269251,"message_id":17,"param":{"paramName":"bucket","paramValue":"","source":"manual","step":null}},"type":"parameter_msg"}
{"payload":{"local_timestamp":1717560269251,"message_id":18,"param":{"paramName":"cache","paramValue":null,"source":"manual","step":null}},"type":"parameter_msg"}
{"payload":{"local_timestamp":1717560269251,"message_id":19,"param":{"paramName":"cfg","paramValue":"","source":"manual","step":null}},"type":"parameter_msg"}
{"payload":{"local_timestamp":1717560269251,"message_id":20,"param":{"paramName":"cos_lr","paramValue":false,"source":"manual","step":null}},"type":"parameter_msg"}
{"payload":{"local_timestamp":1717560269251,"message_id":21,"param":{"paramName":"data","paramValue":"data\\coco128.yaml","source":"manual","step":null}},"type":"parameter_msg"}
{"payload":{"local_timestamp":1717560269251,"message_id":22,"param":{"paramName":"device","paramValue":"","source":"manual","step":null}},"type":"parameter_msg"}
{"payload":{"local_timestamp":1717560269251,"message_id":23,"param":{"paramName":"entity","paramValue":null,"source":"manual","step":null}},"type":"parameter_msg"}
{"payload":{"local_timestamp":1717560269251,"message_id":24,"param":{"paramName":"epochs","paramValue":10,"source":"manual","step":null}},"type":"parameter_msg"}
{"payload":{"local_timestamp":1717560269251,"message_id":25,"param":{"paramName":"evolve","paramValue":null,"source":"manual","step":null}},"type":"parameter_msg"}
{"payload":{"local_timestamp":1717560269251,"message_id":26,"param":{"paramName":"evolve_population","paramValue":"data\\hyps","source":"manual","step":null}},"type":"parameter_msg"}
{"payload":{"local_timestamp":1717560269251,"message_id":27,"param":{"paramName":"exist_ok","paramValue":false,"source":"manual","step":null}},"type":"parameter_msg"}
{"payload":{"local_timestamp":1717560269251,"message_id":28,"params":{"paramName":"freeze","paramValue":[0],"source":"manual","step":null}},"type":"parameter_msg"}
{"payload":{"local_timestamp":1717560269251,"message_id":29,"param":{"paramName":"hyp|anchor_t","paramValue":4.0,"source":"manual","step":null}},"type":"parameter_msg"}
{"payload":{"local_timestamp":1717560269251,"message_id":30,"param":{"paramName":"hyp|box","paramValue":0.05,"source":"manual","step":null}},"type":"parameter_msg"}
{"payload":{"local_timestamp":1717560269251,"message_id":31,"param":{"paramName":"hyp|cls","paramValue":0.5,"source":"manual","step":null}},"type":"parameter_msg"}
{"payload":{"local_timestamp":1717560269251,"message_id":32,"param":{"paramName":"hyp|cls_pw","paramValue":1.0,"source":"manual","step":null}},"type":"parameter_msg"}
{"payload":{"local_timestamp":1717560269251,"message_id":33,"param":{"paramName":"hyp|copy_paste","paramValue":0.0,"source":"manual","step":null}},"type":"parameter_msg"}
{"payload":{"local_timestamp":1717560269251,"message_id":34,"param":{"paramName":"hyp|degrees","paramValue":0.0,"source":"manual","step":null}},"type":"parameter_msg"}
{"payload":{"local_timestamp":1717560269251,"message_id":35,"param":{"paramName":"hyp|fl_gamma","paramValue":0.0,"source":"manual","step":null}},"type":"parameter_msg"}
{"payload":{"local_timestamp":1717560269251,"message_id":36,"param":{"paramName":"hyp|fliplr","paramValue":0.5,"source":"manual","step":null}},"type":"parameter_msg"}
{"payload":{"local_timestamp":1717560269251,"message_id":37,"param":{"paramName":"hyp|flipud","paramValue":0.0,"source":"manual","step":null}},"type":"parameter_msg"}
{"payload":{"local_timestamp":1717560269251,"message_id":38,"param":{"paramName":"hyp|hsv_h","paramValue":0.015,"source":"manual","step":null}},"type":"parameter_msg"}
{"payload":{"local_timestamp":1717560269251,"message_id":39,"param":{"paramName":"hyp|hsv_s","paramValue":0.7,"source":"manual","step":null}},"type":"parameter_msg"}
{"payload":{"local_timestamp":1717560269251,"message_id":40,"param":{"paramName":"hyp|hsv_v","paramValue":0.4,"source":"manual","step":null}},"type":"parameter_msg"}
{"payload":{"local_timestamp":1717560269251,"message_id":41,"param":{"paramName":"hyp|iou_t","paramValue":0.2,"source":"manual","step":null}},"type":"parameter_msg"}
{"payload":{"local_timestamp":1717560269251,"message_id":42,"param":{"paramName":"hyp|lr0","paramValue":0.01,"source":"manual","step":null}},"type":"parameter_msg"}
{"payload":{"local_timestamp":1717560269251,"message_id":43,"param":{"paramName":"hyp|lrf","paramValue":0.01,"source":"manual","step":null}},"type":"parameter_msg"}
{"payload":{"local_timestamp":1717560269251,"message_id":44,"param":{"paramName":"hyp|mixup","paramValue":0.0,"source":"manual","step":null}},"type":"parameter_msg"}
{"payload":{"local_timestamp":1717560269251,"message_id":45,"param":{"paramName":"hyp|momentum","paramValue":0.937,"source":"manual","step":null}},"type":"parameter_msg"}
{"payload":{"local_timestamp":1717560269251,"message_id":46,"param":{"paramName":"hyp|mosaic","paramValue":1.0,"source":"manual","step":null}},"type":"parameter_msg"}
{"payload":{"local_timestamp":1717560269251,"message_id":47,"param":{"paramName":"hyp|obj","paramValue":1.0,"source":"manual","step":null}},"type":"parameter_msg"}
{"payload":{"local_timestamp":1717560269251,"message_id":48,"param":{"paramName":"hyp|obj_pw","paramValue":1.0,"source":"manual","step":null}},"type":"parameter_msg"}
{"payload":{"local_timestamp":1717560269251,"message_id":49,"param":{"paramName":"hyp|perspective","paramValue":0.0,"source":"manual","step":null}},"type":"parameter_msg"}
{"payload":{"local_timestamp":1717560269251,"message_id":50,"param":{"paramName":"hyp|scale","paramValue":0.5,"source":"manual","step":null}},"type":"parameter_msg"}
{"payload":{"local_timestamp":1717560269251,"message_id":51,"param":{"paramName":"hyp|shear","paramValue":0.0,"source":"manual","step":null}},"type":"parameter_msg"}
{"payload":{"local_timestamp":1717560269251,"message_id":52,"param":{"paramName":"hyp|translate","paramValue":0.1,"source":"manual","step":null}},"type":"parameter_msg"}
{"payload":{"local_timestamp":1717560269251,"message_id":53,"param":{"paramName":"hyp|warmup_bias_lr","paramValue":0.1,"source":"manual","step":null}},"type":"parameter_msg"}
{"payload":{"local_timestamp":1717560269251,"message_id":54,"param":{"paramName":"hyp|warmup_epochs","paramValue":3.0,"source":"manual","step":null}},"type":"parameter_msg"}
{"payload":{"local_timestamp":1717560269251,"message_id":55,"param":{"paramName":"hyp|warmup_momentum","paramValue":0.8,"source":"manual","step":null}},"type":"parameter_msg"}
{"payload":{"local_timestamp":1717560269251,"message_id":56,"param":{"paramName":"hyp|weight_decay","paramValue":0.0005,"source":"manual","step":null}},"type":"parameter_msg"}
{"payload":{"local_timestamp":1717560269251,"message_id":57,"param":{"paramName":"image_weights","paramValue":false,"source":"manual","step":null}},"type":"parameter_msg"}
{"payload":{"local_timestamp":1717560269251,"message_id":58,"param":{"paramName":"imgsz","paramValue":640,"source":"manual","step":null}},"type":"parameter_msg"}
{"payload":{"local_timestamp":1717560269251,"message_id":59,"param":{"paramName":"label_smoothing","paramValue":0.0,"source":"manual","step":null}},"type":"parameter_msg"}
{"payload":{"local_timestamp":1717560269251,"message_id":60,"param":{"paramName":"local_rank","paramValue":-1,"source":"manual","step":null}},"type":"parameter_msg"}
{"payload":{"local_timestamp":1717560269251,"message_id":61,"param":{"paramName":"multi_scale","paramValue":false,"source":"manual","step":null}},"type":"parameter_msg"}
{"payload":{"local_timestamp":1717560269251,"message_id":62,"param":{"paramName":"name","paramValue":"exp","source":"manual","step":null}},"type":"parameter_msg"}
{"payload":{"local_timestamp":1717560269251,"message_id":63,"param":{"paramName":"ndjson_console","paramValue":false,"source":"manual","step":null}},"type":"parameter_msg"}
{"payload":{"local_timestamp":1717560269252,"message_id":64,"param":{"paramName":"ndjson_file","paramValue":false,"source":"manual","step":null}},"type":"parameter_msg"}
{"payload":{"local_timestamp":1717560269252,"message_id":65,"param":{"paramName":"noautoanchor","paramValue":false,"source":"manual","step":null}},"type":"parameter_msg"}
{"payload":{"local_timestamp":1717560269252,"message_id":66,"param":{"paramName":"noplots","paramValue":false,"source":"manual","step":null}},"type":"parameter_msg"}
{"payload":{"local_timestamp":1717560269252,"message_id":67,"param":{"paramName":"nosave","paramValue":false,"source":"manual","step":null}},"type":"parameter_msg"}
{"payload":{"local_timestamp":1717560269252,"message_id":68,"param":{"paramName":"noval","paramValue":false,"source":"manual","step":null}},"type":"parameter_msg"}
{"payload":{"local_timestamp":1717560269252,"message_id":69,"param":{"paramName":"optimizer","paramValue":"SGD","source":"manual","step":null}},"type":"parameter_msg"}
{"payload":{"local_timestamp":1717560269252,"message_id":70,"param":{"paramName":"patience","paramValue":100,"source":"manual","step":null}},"type":"parameter_msg"}
{"payload":{"local_timestamp":1717560269252,"message_id":71,"param":{"paramName":"project","paramValue":"runs\\train","source":"manual","step":null}},"type":"parameter_msg"}
{"payload":{"local_timestamp":1717560269252,"message_id":72,"param":{"paramName":"quad","paramValue":false,"source":"manual","step":null}},"type":"parameter_msg"}
{"payload":{"local_timestamp":1717560269252,"message_id":73,"param":{"paramName":"rect","paramValue":false,"source":"manual","step":null}},"type":"parameter_msg"}
{"payload":{"local_timestamp":1717560269252,"message_id":74,"param":{"paramName":"resume","paramValue":false,"source":"manual","step":null}},"type":"parameter_msg"}
{"payload":{"local_timestamp":1717560269252,"message_id":75,"param":{"paramName":"resume_evolve","paramValue":null,"source":"manual","step":null}},"type":"parameter_msg"}
{"payload":{"local_timestamp":1717560269252,"message_id":76,"param":{"paramName":"save_dir","paramValue":"runs\\train\\exp7","source":"manual","step":null}},"type":"parameter_msg"}
{"payload":{"local_timestamp":1717560269252,"message_id":77,"param":{"paramName":"save_period","paramValue":-1,"source":"manual","step":null}},"type":"parameter_msg"}
{"payload":{"local_timestamp":1717560269252,"message_id":78,"param":{"paramName":"seed","paramValue":0,"source":"manual","step":null}},"type":"parameter_msg"}
{"payload":{"local_timestamp":1717560269252,"message_id":79,"param":{"paramName":"single_cls","paramValue":false,"source":"manual","step":null}},"type":"parameter_msg"}
{"payload":{"local_timestamp":1717560269252,"message_id":80,"param":{"paramName":"sync_bn","paramValue":false,"source":"manual","step":null}},"type":"parameter_msg"}
{"payload":{"local_timestamp":1717560269252,"message_id":81,"param":{"paramName":"upload_dataset","paramValue":false,"source":"manual","step":null}},"type":"parameter_msg"}
{"payload":{"local_timestamp":1717560269252,"message_id":82,"param":{"paramName":"weights","paramValue":"yolov5s.pt","source":"manual","step":null}},"type":"parameter_msg"}
{"payload":{"local_timestamp":1717560269252,"message_id":83,"param":{"paramName":"workers","paramValue":8,"source":"manual","step":null}},"type":"parameter_msg"}
{"payload":{"local_timestamp":1717560269252,"message_id":84,"param":{"paramName":"anchor_t","paramValue":4.0,"source":"manual","step":null}},"type":"parameter_msg"}
{"payload":{"local_timestamp":1717560269252,"message_id":85,"param":{"paramName":"box","paramValue":0.05,"source":"manual","step":null}},"type":"parameter_msg"}
{"payload":{"local_timestamp":1717560269252,"message_id":86,"param":{"paramName":"cls","paramValue":0.5,"source":"manual","step":null}},"type":"parameter_msg"}
{"payload":{"local_timestamp":1717560269252,"message_id":87,"param":{"paramName":"cls_pw","paramValue":1.0,"source":"manual","step":null}},"type":"parameter_msg"}
{"payload":{"local_timestamp":1717560269252,"message_id":88,"param":{"paramName":"copy_paste","paramValue":0.0,"source":"manual","step":null}},"type":"parameter_msg"}
{"payload":{"local_timestamp":1717560269252,"message_id":89,"param":{"paramName":"degrees","paramValue":0.0,"source":"manual","step":null}},"type":"parameter_msg"}
{"payload":{"local_timestamp":1717560269252,"message_id":90,"param":{"paramName":"fl_gamma","paramValue":0.0,"source":"manual","step":null}},"type":"parameter_msg"}
{"payload":{"local_timestamp":1717560269252,"message_id":91,"param":{"paramName":"fliplr","paramValue":0.5,"source":"manual","step":null}},"type":"parameter_msg"}
{"payload":{"local_timestamp":1717560269252,"message_id":92,"param":{"paramName":"flipud","paramValue":0.0,"source":"manual","step":null}},"type":"parameter_msg"}
{"payload":{"local_timestamp":1717560269252,"message_id":93,"param":{"paramName":"hsv_h","paramValue":0.015,"source":"manual","step":null}},"type":"parameter_msg"}
{"payload":{"local_timestamp":1717560269252,"message_id":94,"param":{"paramName":"hsv_s","paramValue":0.7,"source":"manual","step":null}},"type":"parameter_msg"}
{"payload":{"local_timestamp":1717560269252,"message_id":95,"param":{"paramName":"hsv_v","paramValue":0.4,"source":"manual","step":null}},"type":"parameter_msg"}
{"payload":{"local_timestamp":1717560269252,"message_id":96,"param":{"paramName":"iou_t","paramValue":0.2,"source":"manual","step":null}},"type":"parameter_msg"}
{"payload":{"local_timestamp":1717560269252,"message_id":97,"param":{"paramName":"lr0","paramValue":0.01,"source":"manual","step":null}},"type":"parameter_msg"}
{"payload":{"local_timestamp":1717560269252,"message_id":98,"param":{"paramName":"lrf","paramValue":0.01,"source":"manual","step":null}},"type":"parameter_msg"}
{"payload":{"local_timestamp":1717560269252,"message_id":99,"param":{"paramName":"mixup","paramValue":0.0,"source":"manual","step":null}},"type":"parameter_msg"}
{"payload":{"local_timestamp":1717560269252,"message_id":100,"param":{"paramName":"momentum","paramValue":0.937,"source":"manual","step":null}},"type":"parameter_msg"}
{"payload":{"local_timestamp":1717560269252,"message_id":101,"param":{"paramName":"mosaic","paramValue":1.0,"source":"manual","step":null}},"type":"parameter_msg"}
{"payload":{"local_timestamp":1717560269252,"message_id":102,"param":{"paramName":"obj","paramValue":1.0,"source":"manual","step":null}},"type":"parameter_msg"}
{"payload":{"local_timestamp":1717560269252,"message_id":103,"param":{"paramName":"obj_pw","paramValue":1.0,"source":"manual","step":null}},"type":"parameter_msg"}
{"payload":{"local_timestamp":1717560269252,"message_id":104,"param":{"paramName":"perspective","paramValue":0.0,"source":"manual","step":null}},"type":"parameter_msg"}
{"payload":{"local_timestamp":1717560269252,"message_id":105,"param":{"paramName":"scale","paramValue":0.5,"source":"manual","step":null}},"type":"parameter_msg"}
{"payload":{"local_timestamp":1717560269252,"message_id":106,"param":{"paramName":"shear","paramValue":0.0,"source":"manual","step":null}},"type":"parameter_msg"}
{"payload":{"local_timestamp":1717560269252,"message_id":107,"param":{"paramName":"translate","paramValue":0.1,"source":"manual","step":null}},"type":"parameter_msg"}
{"payload":{"local_timestamp":1717560269252,"message_id":108,"param":{"paramName":"warmup_bias_lr","paramValue":0.1,"source":"manual","step":null}},"type":"parameter_msg"}
{"payload":{"local_timestamp":1717560269252,"message_id":109,"param":{"paramName":"warmup_epochs","paramValue":3.0,"source":"manual","step":null}},"type":"parameter_msg"}
{"payload":{"local_timestamp":1717560269252,"message_id":110,"param":{"paramName":"warmup_momentum","paramValue":0.8,"source":"manual","step":null}},"type":"parameter_msg"}
{"payload":{"local_timestamp":1717560269252,"message_id":111,"param":{"paramName":"weight_decay","paramValue":0.0005,"source":"manual","step":null}},"type":"parameter_msg"}
{"payload":{"additional_params":{"assetId":"a103f77e4bc44eb89045814f05f19bfe","context":null,"epoch":null,"extension":"json","fileName":"hyperparameters.json","overwrite":false,"runId":null,"step":null},"clean":true,"file_path":"tmp04m60j9l","local_timestamp":1717560269276,"message_id":112,"metadata":{"type":"hyp-config-file"},"upload_type":"asset"},"type":"file_upload"}
{"payload":{"additional_params":{"assetId":"e6874ffbf81e4259a04aa34345cdc015","context":null,"extension":"yaml","fileName":"opt.yaml","overwrite":false,"runId":null,"step":null},"clean":true,"file_path":"tmpnxgopc4x","local_timestamp":1717560269262,"message_id":113,"metadata":{"type":"opt-config-file"},"upload_type":"asset"},"type":"file_upload"}
{"payload":{"local_timestamp":1717560269262,"message_id":114,"param":{"paramName":"val_conf_threshold","paramValue":0.001,"source":"manual","step":null}},"type":"parameter_msg"}
{"payload":{"local_timestamp":1717560269262,"message_id":115,"param":{"paramName":"val_iou_threshold","paramValue":0.6,"source":"manual","step":null}},"type":"parameter_msg"}
{"payload":{"key":"comet_mode","message_id":116,"value":"online"},"type":"log_other"}
{"payload":{"key":"comet_max_image_uploads","message_id":117,"value":100},"type":"log_other"}
{"payload":{"key":"comet_log_per_class_metrics","message_id":118,"value":false},"type":"log_other"}
{"payload":{"key":"comet_log_batch_metrics","message_id":119,"value":false},"type":"log_other"}
{"payload":{"key":"comet_log_confusion_matrix","message_id":120,"value":true},"type":"log_other"}
{"payload":{"key":"comet_model_name","message_id":121,"value":"yolov5"},"type":"log_other"}
{"payload":{"local_timestamp":1717560269686,"message_id":122,"output":"Traceback (most recent call last):\n","stderr":true},"type":"standard_output"}
{"payload":{"local_timestamp":1717560269686,"message_id":123,"output":"  File \"C:\\Users\\liuyi\\Desktop\\yolov5-master\\train.py\", line 846, in <module>\n","stderr":true},"type":"standard_output"}
{"payload":{"local_timestamp":1717560269687,"message_id":124,"output":"    ","stderr":true},"type":"standard_output"}
{"payload":{"local_timestamp":1717560269687,"message_id":125,"output":"main(opt)","stderr":true},"type":"standard_output"}
{"payload":{"local_timestamp":1717560269687,"message_id":126,"output":"\n","stderr":true},"type":"standard_output"}
{"payload":{"local_timestamp":1717560269687,"message_id":127,"output":"  File \"C:\\Users\\liuyi\\Desktop\\yolov5-master\\train.py\", line 621, in main\n","stderr":true},"type":"standard_output"}
{"payload":{"local_timestamp":1717560269687,"message_id":128,"output":"    ","stderr":true},"type":"standard_output"}
{"payload":{"local_timestamp":1717560269687,"message_id":129,"output":"train(opt.hyp, opt, device, callbacks)","stderr":true},"type":"standard_output"}
{"payload":{"local_timestamp":1717560269687,"message_id":130,"output":"\n","stderr":true},"type":"standard_output"}
{"payload":{"local_timestamp":1717560269687,"message_id":131,"output":"  File \"C:\\Users\\liuyi\\Desktop\\yolov5-master\\train.py\", line 186, in train\n","stderr":true},"type":"standard_output"}
{"payload":{"local_timestamp":1717560269688,"message_id":132,"output":"    ","stderr":true},"type":"standard_output"}
{"payload":{"local_timestamp":1717560269688,"message_id":133,"output":"ckpt = torch.load(weights, map_location=\"cpu\")  # load checkpoint to CPU to avoid CUDA memory leak","stderr":true},"type":"standard_output"}
{"payload":{"local_timestamp":1717560269688,"message_id":134,"output":"\n","stderr":true},"type":"standard_output"}
{"payload":{"local_timestamp":1717560269688,"message_id":135,"output":"  File \"D:\\anaconda3\\envs\\py38\\lib\\site-packages\\torch\\serialization.py\", line 993, in load\n","stderr":true},"type":"standard_output"}
{"payload":{"local_timestamp":1717560269688,"message_id":136,"output":"    ","stderr":true},"type":"standard_output"}
{"payload":{"local_timestamp":1717560269688,"message_id":137,"output":"with _open_zipfile_reader(opened_file) as opened_zipfile:","stderr":true},"type":"standard_output"}
{"payload":{"local_timestamp":1717560269688,"message_id":138,"output":"\n","stderr":true},"type":"standard_output"}
{"payload":{"local_timestamp":1717560269688,"message_id":139,"output":"  File \"D:\\anaconda3\\envs\\py38\\lib\\site-packages\\torch\\serialization.py\", line 447, in __init__\n","stderr":true},"type":"standard_output"}
{"payload":{"local_timestamp":1717560269691,"message_id":140,"output":"    ","stderr":true},"type":"standard_output"}
{"payload":{"local_timestamp":1717560269691,"message_id":141,"output":"super().__init__(torch._C.PyTorchFileReader(name_or_buffer))","stderr":true},"type":"standard_output"}
{"payload":{"local_timestamp":1717560269691,"message_id":142,"output":"\n","stderr":true},"type":"standard_output"}
{"payload":{"local_timestamp":1717560269691,"message_id":143,"output":"RuntimeError","stderr":true},"type":"standard_output"}
{"payload":{"local_timestamp":1717560269691,"message_id":144,"output":": ","stderr":true},"type":"standard_output"}
{"payload":{"local_timestamp":1717560269691,"message_id":145,"output":"PytorchStreamReader failed reading zip archive: failed finding central directory","stderr":true},"type":"standard_output"}
{"payload":{"local_timestamp":1717560269691,"message_id":146,"output":"\n","stderr":true},"type":"standard_output"}
{"payload":{"local_timestamp":1717560269706,"message_id":147,"output":"COMET INFO: Couldn't find a Git repository in 'C:\\\\Users\\\\liuyi\\\\Desktop\\\\yolov5-master' nor in any parent directory. Set `COMET_GIT_DIRECTORY` if your Git Repository is elsewhere.\n","stderr":true},"type":"standard_output"}
{"payload":{"local_timestamp":1717560269708,"message_id":148,"output":"COMET WARNING: Unknown error exporting current conda environment\n","stderr":true},"type":"standard_output"}
{"payload":{"local_timestamp":1717560269711,"message_id":149,"output":"COMET WARNING: Unknown error retrieving Conda package as an explicit file\n","stderr":true},"type":"standard_output"}
{"payload":{"local_timestamp":1717560269712,"message_id":150,"output":"COMET WARNING: Unknown error retrieving Conda information\n","stderr":true},"type":"standard_output"}
{"payload":{"local_timestamp":1717560269712,"message_id":151,"output":"COMET INFO: ---------------------------------------------------------------------------------------\n","stderr":true},"type":"standard_output"}
{"payload":{"local_timestamp":1717560269712,"message_id":152,"output":"COMET INFO: Comet.ml OfflineExperiment Summary\n","stderr":true},"type":"standard_output"}
{"payload":{"local_timestamp":1717560269712,"message_id":153,"output":"COMET INFO: ---------------------------------------------------------------------------------------\n","stderr":true},"type":"standard_output"}
{"payload":{"local_timestamp":1717560269713,"message_id":154,"output":"COMET INFO:   Data:\n","stderr":true},"type":"standard_output"}
{"payload":{"local_timestamp":1717560269713,"message_id":155,"output":"COMET INFO:     display_summary_level : 1\n","stderr":true},"type":"standard_output"}
{"payload":{"local_timestamp":1717560269713,"message_id":156,"output":"COMET INFO:     name                  : exp\n","stderr":true},"type":"standard_output"}
{"payload":{"local_timestamp":1717560269713,"message_id":157,"output":"COMET INFO:     url                   : [OfflineExperiment will get URL after upload]\n","stderr":true},"type":"standard_output"}
{"payload":{"local_timestamp":1717560269713,"message_id":158,"output":"COMET INFO:   Others:\n","stderr":true},"type":"standard_output"}
{"payload":{"local_timestamp":1717560269713,"message_id":159,"output":"COMET INFO:     Created from                : YOLOv5\n","stderr":true},"type":"standard_output"}
{"payload":{"local_timestamp":1717560269713,"message_id":160,"output":"COMET INFO:     Name                        : exp\n","stderr":true},"type":"standard_output"}
{"payload":{"local_timestamp":1717560269713,"message_id":161,"output":"COMET INFO:     comet_log_batch_metrics     : False\n","stderr":true},"type":"standard_output"}
{"payload":{"local_timestamp":1717560269713,"message_id":162,"output":"COMET INFO:     comet_log_confusion_matrix  : True\n","stderr":true},"type":"standard_output"}
{"payload":{"local_timestamp":1717560269713,"message_id":163,"output":"COMET INFO:     comet_log_per_class_metrics : False\n","stderr":true},"type":"standard_output"}
{"payload":{"local_timestamp":1717560269713,"message_id":164,"output":"COMET INFO:     comet_max_image_uploads     : 100\n","stderr":true},"type":"standard_output"}
{"payload":{"local_timestamp":1717560269714,"message_id":165,"output":"COMET INFO:     comet_mode                  : online\n","stderr":true},"type":"standard_output"}
{"payload":{"local_timestamp":1717560269714,"message_id":166,"output":"COMET INFO:     comet_model_name            : yolov5\n","stderr":true},"type":"standard_output"}
{"payload":{"local_timestamp":1717560269714,"message_id":167,"output":"COMET INFO:     hasNestedParams             : True\n","stderr":true},"type":"standard_output"}
{"payload":{"local_timestamp":1717560269714,"message_id":168,"output":"COMET INFO:     offline_experiment          : True\n","stderr":true},"type":"standard_output"}
{"payload":{"local_timestamp":1717560269714,"message_id":169,"output":"COMET INFO:   Parameters:\n","stderr":true},"type":"standard_output"}
{"payload":{"local_timestamp":1717560269714,"message_id":170,"output":"COMET INFO:     anchor_t            : 4.0\n","stderr":true},"type":"standard_output"}
{"payload":{"local_timestamp":1717560269714,"message_id":171,"output":"COMET INFO:     artifact_alias      : latest\n","stderr":true},"type":"standard_output"}
{"payload":{"local_timestamp":1717560269714,"message_id":172,"output":"COMET INFO:     batch_size          : 16\n","stderr":true},"type":"standard_output"}
{"payload":{"local_timestamp":1717560269714,"message_id":173,"output":"COMET INFO:     bbox_interval       : -1\n","stderr":true},"type":"standard_output"}
{"payload":{"local_timestamp":1717560269714,"message_id":174,"output":"COMET INFO:     box                 : 0.05\n","stderr":true},"type":"standard_output"}
{"payload":{"local_timestamp":1717560269714,"message_id":175,"output":"COMET INFO:     bucket              : \n","stderr":true},"type":"standard_output"}
{"payload":{"local_timestamp":1717560269715,"message_id":176,"output":"COMET INFO:     cache               : None\n","stderr":true},"type":"standard_output"}
{"payload":{"local_timestamp":1717560269715,"message_id":177,"output":"COMET INFO:     cfg                 : \n","stderr":true},"type":"standard_output"}
{"payload":{"local_timestamp":1717560269715,"message_id":178,"output":"COMET INFO:     cls                 : 0.5\n","stderr":true},"type":"standard_output"}
{"payload":{"local_timestamp":1717560269715,"message_id":179,"output":"COMET INFO:     cls_pw              : 1.0\n","stderr":true},"type":"standard_output"}
{"payload":{"local_timestamp":1717560269715,"message_id":180,"output":"COMET INFO:     copy_paste          : 0.0\n","stderr":true},"type":"standard_output"}
{"payload":{"local_timestamp":1717560269715,"message_id":181,"output":"COMET INFO:     cos_lr              : False\n","stderr":true},"type":"standard_output"}
{"payload":{"local_timestamp":1717560269715,"message_id":182,"output":"COMET INFO:     data                : data\\coco128.yaml\n","stderr":true},"type":"standard_output"}
{"payload":{"local_timestamp":1717560269715,"message_id":183,"output":"COMET INFO:     degrees             : 0.0\n","stderr":true},"type":"standard_output"}
{"payload":{"local_timestamp":1717560269715,"message_id":184,"output":"COMET INFO:     device              : \n","stderr":true},"type":"standard_output"}
{"payload":{"local_timestamp":1717560269715,"message_id":185,"output":"COMET INFO:     entity              : None\n","stderr":true},"type":"standard_output"}
{"payload":{"local_timestamp":1717560269715,"message_id":186,"output":"COMET INFO:     epochs              : 10\n","stderr":true},"type":"standard_output"}
{"payload":{"local_timestamp":1717560269715,"message_id":187,"output":"COMET INFO:     evolve              : None\n","stderr":true},"type":"standard_output"}
{"payload":{"local_timestamp":1717560269716,"message_id":188,"output":"COMET INFO:     evolve_population   : data\\hyps\n","stderr":true},"type":"standard_output"}
{"payload":{"local_timestamp":1717560269716,"message_id":189,"output":"COMET INFO:     exist_ok            : False\n","stderr":true},"type":"standard_output"}
{"payload":{"local_timestamp":1717560269716,"message_id":190,"output":"COMET INFO:     fl_gamma            : 0.0\n","stderr":true},"type":"standard_output"}
{"payload":{"local_timestamp":1717560269716,"message_id":191,"output":"COMET INFO:     fliplr              : 0.5\n","stderr":true},"type":"standard_output"}
{"payload":{"local_timestamp":1717560269716,"message_id":192,"output":"COMET INFO:     flipud              : 0.0\n","stderr":true},"type":"standard_output"}
{"payload":{"local_timestamp":1717560269716,"message_id":193,"output":"COMET INFO:     freeze              : [0]\n","stderr":true},"type":"standard_output"}
{"payload":{"local_timestamp":1717560269716,"message_id":194,"output":"COMET INFO:     hsv_h               : 0.015\n","stderr":true},"type":"standard_output"}
{"payload":{"local_timestamp":1717560269716,"message_id":195,"output":"COMET INFO:     hsv_s               : 0.7\n","stderr":true},"type":"standard_output"}
{"payload":{"local_timestamp":1717560269716,"message_id":196,"output":"COMET INFO:     hsv_v               : 0.4\n","stderr":true},"type":"standard_output"}
{"payload":{"local_timestamp":1717560269716,"message_id":197,"output":"COMET INFO:     hyp|anchor_t        : 4.0\n","stderr":true},"type":"standard_output"}
{"payload":{"local_timestamp":1717560269716,"message_id":198,"output":"COMET INFO:     hyp|box             : 0.05\n","stderr":true},"type":"standard_output"}
{"payload":{"local_timestamp":1717560269716,"message_id":199,"output":"COMET INFO:     hyp|cls             : 0.5\n","stderr":true},"type":"standard_output"}
{"payload":{"local_timestamp":1717560269717,"message_id":200,"output":"COMET INFO:     hyp|cls_pw          : 1.0\n","stderr":true},"type":"standard_output"}
{"payload":{"local_timestamp":1717560269717,"message_id":201,"output":"COMET INFO:     hyp|copy_paste      : 0.0\n","stderr":true},"type":"standard_output"}
{"payload":{"local_timestamp":1717560269717,"message_id":202,"output":"COMET INFO:     hyp|degrees         : 0.0\n","stderr":true},"type":"standard_output"}
{"payload":{"local_timestamp":1717560269717,"message_id":203,"output":"COMET INFO:     hyp|fl_gamma        : 0.0\n","stderr":true},"type":"standard_output"}
{"payload":{"local_timestamp":1717560269717,"message_id":204,"output":"COMET INFO:     hyp|fliplr          : 0.5\n","stderr":true},"type":"standard_output"}
{"payload":{"local_timestamp":1717560269717,"message_id":205,"output":"COMET INFO:     hyp|flipud          : 0.0\n","stderr":true},"type":"standard_output"}
{"payload":{"local_timestamp":1717560269717,"message_id":206,"output":"COMET INFO:     hyp|hsv_h           : 0.015\n","stderr":true},"type":"standard_output"}
{"payload":{"local_timestamp":1717560269717,"message_id":207,"output":"COMET INFO:     hyp|hsv_s           : 0.7\n","stderr":true},"type":"standard_output"}
{"payload":{"local_timestamp":1717560269717,"message_id":208,"output":"COMET INFO:     hyp|hsv_v           : 0.4\n","stderr":true},"type":"standard_output"}
{"payload":{"local_timestamp":1717560269717,"message_id":209,"output":"COMET INFO:     hyp|iou_t           : 0.2\n","stderr":true},"type":"standard_output"}
{"payload":{"local_timestamp":1717560269717,"message_id":210,"output":"COMET INFO:     hyp|lr0             : 0.01\n","stderr":true},"type":"standard_output"}
{"payload":{"local_timestamp":1717560269717,"message_id":211,"output":"COMET INFO:     hyp|lrf             : 0.01\n","stderr":true},"type":"standard_output"}
{"payload":{"local_timestamp":1717560269718,"message_id":212,"output":"COMET INFO:     hyp|mixup           : 0.0\n","stderr":true},"type":"standard_output"}
{"payload":{"local_timestamp":1717560269718,"message_id":213,"output":"COMET INFO:     hyp|momentum        : 0.937\n","stderr":true},"type":"standard_output"}
{"payload":{"local_timestamp":1717560269718,"message_id":214,"output":"COMET INFO:     hyp|mosaic          : 1.0\n","stderr":true},"type":"standard_output"}
{"payload":{"local_timestamp":1717560269718,"message_id":215,"output":"COMET INFO:     hyp|obj             : 1.0\n","stderr":true},"type":"standard_output"}
{"payload":{"local_timestamp":1717560269718,"message_id":216,"output":"COMET INFO:     hyp|obj_pw          : 1.0\n","stderr":true},"type":"standard_output"}
{"payload":{"local_timestamp":1717560269718,"message_id":217,"output":"COMET INFO:     hyp|perspective     : 0.0\n","stderr":true},"type":"standard_output"}
{"payload":{"local_timestamp":1717560269718,"message_id":218,"output":"COMET INFO:     hyp|scale           : 0.5\n","stderr":true},"type":"standard_output"}
{"payload":{"local_timestamp":1717560269718,"message_id":219,"output":"COMET INFO:     hyp|shear           : 0.0\n","stderr":true},"type":"standard_output"}
{"payload":{"local_timestamp":1717560269718,"message_id":220,"output":"COMET INFO:     hyp|translate       : 0.1\n","stderr":true},"type":"standard_output"}
{"payload":{"local_timestamp":1717560269718,"message_id":221,"output":"COMET INFO:     hyp|warmup_bias_lr  : 0.1\n","stderr":true},"type":"standard_output"}
{"payload":{"local_timestamp":1717560269718,"message_id":222,"output":"COMET INFO:     hyp|warmup_epochs   : 3.0\n","stderr":true},"type":"standard_output"}
{"payload":{"local_timestamp":1717560269718,"message_id":223,"output":"COMET INFO:     hyp|warmup_momentum : 0.8\n","stderr":true},"type":"standard_output"}
{"payload":{"local_timestamp":1717560269718,"message_id":224,"output":"COMET INFO:     hyp|weight_decay    : 0.0005\n","stderr":true},"type":"standard_output"}
{"payload":{"local_timestamp":1717560269719,"message_id":225,"output":"COMET INFO:     image_weights       : False\n","stderr":true},"type":"standard_output"}
{"payload":{"local_timestamp":1717560269719,"message_id":226,"output":"COMET INFO:     imgsz               : 640\n","stderr":true},"type":"standard_output"}
{"payload":{"local_timestamp":1717560269719,"message_id":227,"output":"COMET INFO:     iou_t               : 0.2\n","stderr":true},"type":"standard_output"}
{"payload":{"local_timestamp":1717560269719,"message_id":228,"output":"COMET INFO:     label_smoothing     : 0.0\n","stderr":true},"type":"standard_output"}
{"payload":{"local_timestamp":1717560269719,"message_id":229,"output":"COMET INFO:     local_rank          : -1\n","stderr":true},"type":"standard_output"}
{"payload":{"local_timestamp":1717560269719,"message_id":230,"output":"COMET INFO:     lr0                 : 0.01\n","stderr":true},"type":"standard_output"}
{"payload":{"local_timestamp":1717560269719,"message_id":231,"output":"COMET INFO:     lrf                 : 0.01\n","stderr":true},"type":"standard_output"}
{"payload":{"local_timestamp":1717560269719,"message_id":232,"output":"COMET INFO:     mixup               : 0.0\n","stderr":true},"type":"standard_output"}
{"payload":{"local_timestamp":1717560269719,"message_id":233,"output":"COMET INFO:     momentum            : 0.937\n","stderr":true},"type":"standard_output"}
{"payload":{"local_timestamp":1717560269719,"message_id":234,"output":"COMET INFO:     mosaic              : 1.0\n","stderr":true},"type":"standard_output"}
{"payload":{"local_timestamp":1717560269719,"message_id":235,"output":"COMET INFO:     multi_scale         : False\n","stderr":true},"type":"standard_output"}
{"payload":{"local_timestamp":1717560269719,"message_id":236,"output":"COMET INFO:     name                : exp\n","stderr":true},"type":"standard_output"}
{"payload":{"local_timestamp":1717560269720,"message_id":237,"output":"COMET INFO:     ndjson_console      : False\n","stderr":true},"type":"standard_output"}
{"payload":{"local_timestamp":1717560269720,"message_id":238,"output":"COMET INFO:     ndjson_file         : False\n","stderr":true},"type":"standard_output"}
{"payload":{"local_timestamp":1717560269720,"message_id":239,"output":"COMET INFO:     noautoanchor        : False\n","stderr":true},"type":"standard_output"}
{"payload":{"local_timestamp":1717560269720,"message_id":240,"output":"COMET INFO:     noplots             : False\n","stderr":true},"type":"standard_output"}
{"payload":{"local_timestamp":1717560269720,"message_id":241,"output":"COMET INFO:     nosave              : False\n","stderr":true},"type":"standard_output"}
{"payload":{"local_timestamp":1717560269720,"message_id":242,"output":"COMET INFO:     noval               : False\n","stderr":true},"type":"standard_output"}
{"payload":{"local_timestamp":1717560269720,"message_id":243,"output":"COMET INFO:     obj                 : 1.0\n","stderr":true},"type":"standard_output"}
{"payload":{"local_timestamp":1717560269720,"message_id":244,"output":"COMET INFO:     obj_pw              : 1.0\n","stderr":true},"type":"standard_output"}
{"payload":{"local_timestamp":1717560269720,"message_id":245,"output":"COMET INFO:     optimizer           : SGD\n","stderr":true},"type":"standard_output"}
{"payload":{"local_timestamp":1717560269720,"message_id":246,"output":"COMET INFO:     patience            : 100\n","stderr":true},"type":"standard_output"}
{"payload":{"local_timestamp":1717560269720,"message_id":247,"output":"COMET INFO:     perspective         : 0.0\n","stderr":true},"type":"standard_output"}
{"payload":{"local_timestamp":1717560269720,"message_id":248,"output":"COMET INFO:     project             : runs\\train\n","stderr":true},"type":"standard_output"}
{"payload":{"local_timestamp":1717560269721,"message_id":249,"output":"COMET INFO:     quad                : False\n","stderr":true},"type":"standard_output"}
{"payload":{"local_timestamp":1717560269721,"message_id":250,"output":"COMET INFO:     rect                : False\n","stderr":true},"type":"standard_output"}
{"payload":{"local_timestamp":1717560269721,"message_id":251,"output":"COMET INFO:     resume              : False\n","stderr":true},"type":"standard_output"}
{"payload":{"local_timestamp":1717560269721,"message_id":252,"output":"COMET INFO:     resume_evolve       : None\n","stderr":true},"type":"standard_output"}
{"payload":{"local_timestamp":1717560269721,"message_id":253,"output":"COMET INFO:     save_dir            : runs\\train\\exp7\n","stderr":true},"type":"standard_output"}
{"payload":{"local_timestamp":1717560269721,"message_id":254,"output":"COMET INFO:     save_period         : -1\n","stderr":true},"type":"standard_output"}
{"payload":{"local_timestamp":1717560269721,"message_id":255,"output":"COMET INFO:     scale               : 0.5\n","stderr":true},"type":"standard_output"}
{"payload":{"local_timestamp":1717560269721,"message_id":256,"output":"COMET INFO:     seed                : 0\n","stderr":true},"type":"standard_output"}
{"payload":{"local_timestamp":1717560269721,"message_id":257,"output":"COMET INFO:     shear               : 0.0\n","stderr":true},"type":"standard_output"}
{"payload":{"local_timestamp":1717560269721,"message_id":258,"output":"COMET INFO:     single_cls          : False\n","stderr":true},"type":"standard_output"}
{"payload":{"local_timestamp":1717560269721,"message_id":259,"output":"COMET INFO:     sync_bn             : False\n","stderr":true},"type":"standard_output"}
{"payload":{"local_timestamp":1717560269721,"message_id":260,"output":"COMET INFO:     translate           : 0.1\n","stderr":true},"type":"standard_output"}
{"payload":{"local_timestamp":1717560269722,"message_id":261,"output":"COMET INFO:     upload_dataset      : False\n","stderr":true},"type":"standard_output"}
{"payload":{"local_timestamp":1717560269722,"message_id":262,"output":"COMET INFO:     val_conf_threshold  : 0.001\n","stderr":true},"type":"standard_output"}
{"payload":{"local_timestamp":1717560269722,"message_id":263,"output":"COMET INFO:     val_iou_threshold   : 0.6\n","stderr":true},"type":"standard_output"}
{"payload":{"local_timestamp":1717560269722,"message_id":264,"output":"COMET INFO:     warmup_bias_lr      : 0.1\n","stderr":true},"type":"standard_output"}
{"payload":{"local_timestamp":1717560269722,"message_id":265,"output":"COMET INFO:     warmup_epochs       : 3.0\n","stderr":true},"type":"standard_output"}
{"payload":{"local_timestamp":1717560269722,"message_id":266,"output":"COMET INFO:     warmup_momentum     : 0.8\n","stderr":true},"type":"standard_output"}
{"payload":{"local_timestamp":1717560269722,"message_id":267,"output":"COMET INFO:     weight_decay        : 0.0005\n","stderr":true},"type":"standard_output"}
{"payload":{"local_timestamp":1717560269722,"message_id":268,"output":"COMET INFO:     weights             : yolov5s.pt\n","stderr":true},"type":"standard_output"}
{"payload":{"local_timestamp":1717560269722,"message_id":269,"output":"COMET INFO:     workers             : 8\n","stderr":true},"type":"standard_output"}
{"payload":{"local_timestamp":1717560269722,"message_id":270,"output":"COMET INFO:   Uploads:\n","stderr":true},"type":"standard_output"}
{"payload":{"local_timestamp":1717560269722,"message_id":271,"output":"COMET INFO:     asset               : 3 (2.96 KB)\n","stderr":true},"type":"standard_output"}
{"payload":{"local_timestamp":1717560269722,"message_id":272,"output":"COMET INFO:     environment details : 1\n","stderr":true},"type":"standard_output"}
{"payload":{"local_timestamp":1717560269722,"message_id":273,"output":"COMET INFO:     installed packages  : 1\n","stderr":true},"type":"standard_output"}
{"payload":{"local_timestamp":1717560269723,"message_id":274,"output":"COMET INFO: \n","stderr":true},"type":"standard_output"}
